{
    "loss": 0.5226565003395081,
    "accuracy": 0.9327731132507324
}